QID,Question,Output
0,人間とは何か？30文字以内で答えてください。,感情と思考を持ち、社会で活動する存在。
0,人間とは何か？30文字以内で答えてください。,自我と感情を持ち、社会で関わり合う存在。
0,人間とは何か？30文字以内で答えてください。,人間とは、意識と思考を持つ社会的な存在。
0,人間とは何か？30文字以内で答えてください。,人間とは、感情と理性を持つ社会的存在です。
0,人間とは何か？30文字以内で答えてください。,意識と感情を持ち社会を形成する存在。
0,人間とは何か？30文字以内で答えてください。,人間とは、感情を持ち社会で共存する生物。
0,人間とは何か？30文字以内で答えてください。,自己を問い、他者と関わる意識ある存在。
0,人間とは何か？30文字以内で答えてください。,感情と思考を持ち、社会を形成する存在。
0,人間とは何か？30文字以内で答えてください。,人間とは、理性と感情を持つ社会的存在。
0,人間とは何か？30文字以内で答えてください。,感情と理性を持ち、社会で関わる存在。
0,人間とは何か？30文字以内で答えてください。,感情と理性を持ち、社会で関係を築く存在。
0,人間とは何か？30文字以内で答えてください。,感情と思考を持ち、社会で生きる存在。
0,人間とは何か？30文字以内で答えてください。,考える存在であり、感情や意志を持つ生命体。
0,人間とは何か？30文字以内で答えてください。,感情と思考を持ち、社会的関係を築く存在。
0,人間とは何か？30文字以内で答えてください。,意識と思考を持ち、社会を形成する存在。
1,魂とは何か？30文字以内で答えてください。,魂とは、生命の根源であり個の本質を成すものです。
1,魂とは何か？30文字以内で答えてください。,人の内なる存在や精神的な本質。
1,魂とは何か？30文字以内で答えてください。,魂とは、生命や存在の本質を示す概念。
1,魂とは何か？30文字以内で答えてください。,魂とは、個の存在を超越する精神的本質。
1,魂とは何か？30文字以内で答えてください。,魂とは、個人の精神的な本質や存在の核です。
1,魂とは何か？30文字以内で答えてください。,人の内面や意識を象徴する本質的な存在。
1,魂とは何か？30文字以内で答えてください。,魂とは、自己や生命の根源的な存在。
1,魂とは何か？30文字以内で答えてください。,魂とは、心や精神の根源、存在の本質。
1,魂とは何か？30文字以内で答えてください。,人の内面に宿る、精神や意識の本質。
1,魂とは何か？30文字以内で答えてください。,人間の意識や本質を象徴する存在。
1,魂とは何か？30文字以内で答えてください。,魂とは、人間の精神や意識の根源的な存在。
1,魂とは何か？30文字以内で答えてください。,人の本質や存在の核を意味する概念。
1,魂とは何か？30文字以内で答えてください。,人間の意識や精神の核を指す概念。
1,魂とは何か？30文字以内で答えてください。,魂とは、生命や個々の存在の本質的な要素です。
1,魂とは何か？30文字以内で答えてください。,魂とは、存在の本質や心の源とされるもの。
2,AIとは何か？30文字以内で答えてください。,人工知能が人間の知的作業を模倣する技術。
2,AIとは何か？30文字以内で答えてください。,AIとは、人間の知能を模倣する技術です。
2,AIとは何か？30文字以内で答えてください。,人工的な知能を持つシステムまたは技術。
2,AIとは何か？30文字以内で答えてください。,人工知能が行う人間の知的作業の模倣。
2,AIとは何か？30文字以内で答えてください。,人工知能は人間の知能を模倣する技術です。
2,AIとは何か？30文字以内で答えてください。,人工知能が、データを基に学習・判断する技術です。
2,AIとは何か？30文字以内で答えてください。,AIは、人間の知能を模倣する技術です。
2,AIとは何か？30文字以内で答えてください。,人間の知能を模倣する技術やシステム。
2,AIとは何か？30文字以内で答えてください。,人工知能で、人の知能を模倣する技術です。
2,AIとは何か？30文字以内で答えてください。,人工知能は、人間の知能を模した技術。
2,AIとは何か？30文字以内で答えてください。,人工知能は、機械が人間の知能を模倣する技術です。
2,AIとは何か？30文字以内で答えてください。,人工知能（AI）は、機械が人間の知能を模倣する技術。
2,AIとは何か？30文字以内で答えてください。,データを学習しタスクを自動化する技術。
2,AIとは何か？30文字以内で答えてください。,AIとは、人の知能を模倣する技術です。
2,AIとは何か？30文字以内で答えてください。,人工知能であり、機械が人の知能を模倣する技術。
3,生命とは何か？30文字以内で答えてください。,生命は、自己複製し環境に適応する存在。
3,生命とは何か？30文字以内で答えてください。,変化と成長を続ける旅。
3,生命とは何か？30文字以内で答えてください。,生命とは、自己複製する有機体の活動現象。
3,生命とは何か？30文字以内で答えてください。,自己複製と進化を続ける動的な存在。
3,生命とは何か？30文字以内で答えてください。,生命とは、自己複製し環境に適応する現象です。
3,生命とは何か？30文字以内で答えてください。,生命とは、自己組織化し進化する存在。
3,生命とは何か？30文字以内で答えてください。,存在することと経験を通じて意味を見つける旅。
3,生命とは何か？30文字以内で答えてください。,生命とは、自己を維持し繁殖する現象。
3,生命とは何か？30文字以内で答えてください。,生命とは、進化し続ける存在と過程の総体。
3,生命とは何か？30文字以内で答えてください。,生命とは、自己を維持し成長する存在の営み。
3,生命とは何か？30文字以内で答えてください。,生命とは、自己複製し環境と相互作用する存在です。
3,生命とは何か？30文字以内で答えてください。,生命とは、生きるための活動と存在のこと。
3,生命とは何か？30文字以内で答えてください。,生命とは、自己維持と繁殖を行う存在です。
3,生命とは何か？30文字以内で答えてください。,生命とは、自己複製し環境と相互作用する存在。
3,生命とは何か？30文字以内で答えてください。,生命とは、自律し適応する存在です。
4,意識とは何か？30文字以内で答えてください。,知覚や思考に基づく自己認識の過程。
4,意識とは何か？30文字以内で答えてください。,意識とは自己認識と外界への気づきの総体。
4,意識とは何か？30文字以内で答えてください。,自身や環境を認識し、情報を体験する能力。
4,意識とは何か？30文字以内で答えてください。,自己と外界を認識し、経験を統合する心の働き。
4,意識とは何か？30文字以内で答えてください。,自己や環境を知覚し、理解する心の働き。
4,意識とは何か？30文字以内で答えてください。,意識とは自己と周囲を認識し、考える能力です。
4,意識とは何か？30文字以内で答えてください。,自我と感覚を認識する心の状態。
4,意識とは何か？30文字以内で答えてください。,自己認識と外界の知覚を持つ精神の状態。
4,意識とは何か？30文字以内で答えてください。,自己や周囲を認識し、応答する内的状態。
4,意識とは何か？30文字以内で答えてください。,自我や周囲を認識する主観的な体験。
4,意識とは何か？30文字以内で答えてください。,主観的な経験と自己認識の統合的な状態。
4,意識とは何か？30文字以内で答えてください。,自己と環境を認識し、反応する心の状態。
4,意識とは何か？30文字以内で答えてください。,自身や環境を知覚し認識する心の状態。
4,意識とは何か？30文字以内で答えてください。,経験と自己認識を伴う精神的な状態。
4,意識とは何か？30文字以内で答えてください。,自我と周囲を認識し、反応する心の状態。
5,時間とは何か？30文字以内で答えてください。,時間とは、変化や出来事の連続性を表す概念です。
5,時間とは何か？30文字以内で答えてください。,変化を測定し、過去から未来をつなぐ概念。
5,時間とは何か？30文字以内で答えてください。,変化を認識するための人間の概念。
5,時間とは何か？30文字以内で答えてください。,時間とは、出来事の順序と持続を測る概念です。
5,時間とは何か？30文字以内で答えてください。,変化と経過を測るための概念や尺度。
5,時間とは何か？30文字以内で答えてください。,時間は、出来事を測る連続した進行の尺度です。
5,時間とは何か？30文字以内で答えてください。,時間は、出来事の変化を測る概念です。
5,時間とは何か？30文字以内で答えてください。,時間とは、物事の変化や出来事の順序を測る概念。
5,時間とは何か？30文字以内で答えてください。,変化や出来事の連続を測る尺度です。
5,時間とは何か？30文字以内で答えてください。,変化を測る尺度で、過去から未来への流れ。
5,時間とは何か？30文字以内で答えてください。,時間とは、出来事が進行するための連続した次元です。
5,時間とは何か？30文字以内で答えてください。,時間とは、変化や出来事を測るための概念です。
5,時間とは何か？30文字以内で答えてください。,時間とは、変化や出来事の連続を測る概念。
5,時間とは何か？30文字以内で答えてください。,時間とは、変化を測るための連続した尺度。
5,時間とは何か？30文字以内で答えてください。,変化や出来事を測るための連続した概念。
6,宇宙とは何か？30文字以内で答えてください。,宇宙は、全ての物質と空間が広がる無限の広がりです。
6,宇宙とは何か？30文字以内で答えてください。,宇宙とは、時間と空間が広がる無限の領域。
6,宇宙とは何か？30文字以内で答えてください。,宇宙とは、全ての物質と空間の広大な広がり。
6,宇宙とは何か？30文字以内で答えてください。,宇宙は、すべての物質と空間の広大な広がり。
6,宇宙とは何か？30文字以内で答えてください。,宇宙は、時間と空間の全てを含む広大な存在。
6,宇宙とは何か？30文字以内で答えてください。,宇宙は、時間と空間の総体であり、無限の広がりを持つ。
6,宇宙とは何か？30文字以内で答えてください。,宇宙は、全ての物質とエネルギーが存在する無限の空間。
6,宇宙とは何か？30文字以内で答えてください。,宇宙は、全ての物質と空間の広がり。
6,宇宙とは何か？30文字以内で答えてください。,宇宙は、すべての物質と空間の広大な集合体です。
6,宇宙とは何か？30文字以内で答えてください。,宇宙は、全ての物質と時空が含まれる広大な空間。
6,宇宙とは何か？30文字以内で答えてください。,万物を包括する広大な時空間。
6,宇宙とは何か？30文字以内で答えてください。,宇宙とは、全ての物質と空間、時間の広がり。
6,宇宙とは何か？30文字以内で答えてください。,宇宙とは、時間と空間の全体であり、あらゆる物質とエネルギーの総体。
6,宇宙とは何か？30文字以内で答えてください。,宇宙とは、全ての物質と空間、時間の広がりです。
6,宇宙とは何か？30文字以内で答えてください。,宇宙とは、すべての物質と空間の広大な集合体です。
